S/T code,S/T name,LGA code,LGA name,0-4,5-9,10-14,15-19,20-24,25-29,30-34,35-39,40-44,45-49,50-54,55-59,60-64,65-69,70-74,75-79,80-84,85 and over,Total Persons
1,New South Wales,10050,Albury,3223,3089,3204,3683,4028,3607,3291,3173,3195,3155,3225,3236,2956,2618,2068,1571,1179,1221,51722
1,New South Wales,10110,Armidale Dumaresq,1463,1464,1764,2284,2939,1690,1301,1112,1354,1472,1606,1568,1284,1219,996,741,516,545,25318
1,New South Wales,10150,Ashfield,2821,2262,1892,1993,3267,4558,4253,3521,3312,2899,2921,2420,2088,1643,1349,1174,961,1206,44540
1,New South Wales,10200,Auburn,7464,5573,4521,5148,7103,9748,9481,6864,5875,5162,5036,4807,3574,2618,1838,1355,841,1051,88059
1,New South Wales,10250,Ballina,2006,2466,2577,2542,1778,1668,2032,2250,2728,2736,3092,3178,3051,2881,2205,1684,1355,1599,41828
1,New South Wales,10300,Balranald,163,138,122,128,133,125,158,143,185,151,217,176,165,111,94,86,66,61,2422
1,New South Wales,10350,Bankstown,15458,15076,13500,13541,14786,14424,14687,13198,13071,12631,12849,11992,9864,8370,6294,4936,3863,4662,203202
1,New South Wales,10470,Bathurst Regional,2587,2918,2881,3261,3805,2758,2496,2302,2773,2569,2687,2540,2277,2070,1564,1133,822,788,42231
1,New South Wales,10550,Bega Valley,1550,1896,1883,2037,1255,1199,1355,1458,1843,2017,2707,3078,2956,2737,2090,1448,971,995,33475
1,New South Wales,10600,Bellingen,743,832,880,855,513,481,525,574,798,808,1008,1193,1060,827,675,502,361,375,13010
1,New South Wales,10650,Berrigan,423,449,477,467,328,372,438,419,450,451,518,653,711,708,551,480,236,285,8416
1,New South Wales,10750,Blacktown,27815,26198,23714,23974,24570,25541,27930,25635,24340,21454,20507,18200,15498,12496,8394,5656,3726,3680,339328
1,New South Wales,10800,Bland,403,471,472,326,233,269,362,321,340,316,398,432,352,354,263,236,186,225,5959
1,New South Wales,10850,Blayney,493,569,598,476,408,370,394,348,519,479,513,474,439,400,315,263,177,145,7380
1,New South Wales,10900,Blue Mountains,4465,5078,5119,5046,4299,3663,3931,4448,5785,5548,5862,6108,5995,5207,3663,2303,1573,1719,79812
1,New South Wales,10950,Bogan,225,253,197,178,199,162,134,177,224,222,208,160,167,153,170,118,56,56,3059
1,New South Wales,11000,Bombala,125,145,143,149,113,110,109,126,131,154,172,241,173,185,122,85,55,92,2430
1,New South Wales,11050,Boorowa,134,172,197,153,114,122,97,101,173,196,187,186,195,202,150,99,79,68,2625
1,New South Wales,11100,Botany Bay,3227,2826,2187,2525,3458,4094,4271,3603,3661,2975,2769,2380,2094,1900,1636,1221,844,916,46587
1,New South Wales,11150,Bourke,229,280,200,131,158,219,176,183,202,172,207,208,146,123,97,54,49,42,2876
1,New South Wales,11200,Brewarrina,183,193,154,123,129,126,96,67,113,141,158,139,77,71,28,73,18,28,1917
1,New South Wales,11250,Broken Hill,1010,1104,1194,1102,1130,1120,1026,820,1122,1176,1368,1399,1273,1191,906,739,579,597,18856
1,New South Wales,11300,Burwood,2008,1731,1583,1924,3675,4540,3189,2244,2121,2081,2309,1923,1661,1423,1016,964,845,902,36139
1,New South Wales,11350,Byron,1743,2248,1934,1840,1489,1508,1736,2047,2540,2376,2686,2970,2613,1829,1109,788,589,678,32723
1,New South Wales,11400,Cabonne,892,1019,1046,893,643,606,762,685,899,963,979,871,885,933,669,487,354,274,13860
1,New South Wales,11450,Camden,5808,6004,5343,4999,5134,5013,5215,5366,5576,4734,4496,3628,3150,2776,1951,1346,799,918,72256
1,New South Wales,11500,Campbelltown,11332,11000,10614,11606,12519,12165,11703,10240,10205,9953,10282,10240,9122,7228,4456,2890,1713,1673,158941
1,New South Wales,11520,Canada Bay,6221,4875,3799,4168,6048,8041,8251,7129,6568,5820,5628,5036,4228,3948,2905,2361,1799,1994,88819
1,New South Wales,11550,Canterbury,11661,9804,8196,8927,10127,11953,12847,10996,10404,9903,9603,8450,7284,6280,5000,4223,3115,2973,151746
1,New South Wales,11600,Carrathool,142,200,167,121,168,188,138,169,171,201,242,230,134,143,134,93,45,47,2733
1,New South Wales,11700,Central Darling,138,149,179,105,98,109,173,129,160,145,141,146,115,118,85,47,24,27,2088
1,New South Wales,11720,Cessnock,4099,4041,3588,3596,3599,3774,3805,3473,3638,3444,3532,3565,3320,2937,2084,1416,1026,925,55862
1,New South Wales,11730,Clarence Valley,2506,3100,3187,3317,2407,2023,2220,2323,3033,3065,3749,4065,3937,3898,2970,2210,1582,1448,51040
1,New South Wales,11750,Cobar,422,420,315,262,355,389,371,377,312,295,297,325,226,161,152,128,78,90,4975
1,New South Wales,11800,Coffs Harbour,4297,4660,4679,4804,3941,3806,3785,3826,4675,4747,5110,5383,5088,4496,3381,2514,1851,1928,72971
1,New South Wales,11860,Conargo,115,121,111,98,66,72,70,105,82,113,119,117,116,97,59,29,7,36,1533
1,New South Wales,12000,Coolamon,248,320,344,243,241,141,188,187,267,266,332,274,274,298,254,181,134,150,4342
1,New South Wales,12050,Cooma-Monaro,550,654,628,668,501,397,499,516,717,747,828,734,658,628,502,348,286,284,10145
1,New South Wales,12150,Coonamble,291,277,234,297,320,278,246,188,256,241,293,310,253,232,177,154,110,105,4262
1,New South Wales,12200,Cootamundra,458,484,465,424,332,322,323,299,423,430,529,571,606,592,526,392,246,283,7705
1,New South Wales,12300,Corowa Shire,596,701,633,722,512,565,607,488,659,621,771,734,852,889,751,585,413,388,11487
1,New South Wales,12350,Cowra,612,732,853,829,629,555,578,564,724,766,860,895,976,878,671,586,365,403,12476
1,New South Wales,12500,Deniliquin,443,471,418,463,412,386,373,355,467,438,482,517,566,429,369,344,211,285,7429
1,New South Wales,12600,Dubbo,3147,3129,2915,2961,2844,2806,2520,2456,2602,2664,2773,2594,2216,1932,1492,1176,852,855,41934
1,New South Wales,12700,Dungog,503,573,579,584,386,391,467,493,571,671,697,755,664,616,493,371,190,191,9195
1,New South Wales,12750,Eurobodalla,1691,2141,2201,2074,1241,1278,1495,1588,2008,2135,2579,3072,3363,3598,2814,1914,1336,1354,37882
1,New South Wales,12850,Fairfield,13017,13652,13434,14562,15770,14814,13882,12599,13530,13353,14122,13414,10989,8786,6445,5014,3705,3354,204442
1,New South Wales,12900,Forbes,611,654,671,715,570,602,459,465,543,611,632,655,627,567,501,387,243,241,9754
1,New South Wales,12950,Gilgandra,240,286,289,243,169,194,211,206,230,317,320,311,281,291,259,216,134,171,4368
1,New South Wales,13010,Glen Innes Severn,534,533,529,514,486,391,434,402,520,499,671,710,676,672,505,382,285,256,8999
1,New South Wales,13050,Gloucester,247,313,311,263,163,179,196,217,289,306,359,414,435,454,364,255,181,214,5160
1,New South Wales,13100,Gosford,10032,10754,10478,10966,10116,9178,9608,9858,11527,11264,12100,11446,10528,10434,8140,6179,4873,5657,173138
1,New South Wales,13310,Goulburn Mulwaree,1697,1903,1849,1876,1679,1685,1669,1731,1939,1949,2103,1986,1942,1680,1507,942,680,733,29550
1,New South Wales,13320,Great Lakes,1556,1856,1994,1762,1203,1162,1230,1476,1878,1998,2408,2808,3090,3584,3008,2407,1685,1615,36720
1,New South Wales,13340,Greater Hume Shire,626,723,805,754,438,467,487,501,601,668,746,772,791,670,480,366,216,267,10378
1,New South Wales,13380,Greater Taree,2550,3071,3117,3172,2062,1839,2092,2254,2784,2805,3512,3811,3799,3758,3155,2315,1536,1463,49095
1,New South Wales,13450,Griffith,1885,1889,1802,1834,1780,1819,1675,1446,1651,1665,1736,1571,1387,1049,880,772,558,587,25986
1,New South Wales,13500,Gundagai,221,247,293,245,166,160,202,198,236,225,259,234,278,256,182,142,125,87,3756
1,New South Wales,13550,Gunnedah,893,937,818,873,850,830,747,657,756,722,907,798,685,630,569,489,323,321,12805
1,New South Wales,13650,Guyra,254,343,311,294,242,194,234,229,306,246,326,322,316,316,205,172,125,116,4551
1,New South Wales,13660,Gwydir,310,327,280,236,178,209,235,244,303,341,387,353,360,374,340,265,167,159,5068
1,New South Wales,13700,Harden,199,279,260,189,132,159,142,157,241,212,272,265,292,278,240,167,105,117,3706
1,New South Wales,13800,Hawkesbury,4121,4648,4635,4866,4898,4446,3974,3912,4777,4755,4671,4189,3452,3081,2257,1531,925,996,66134
1,New South Wales,13850,Hay,178,245,173,169,170,138,121,110,186,201,290,214,142,172,145,157,100,88,2999
1,New South Wales,13950,Holroyd,9693,7887,6271,6409,7547,9645,11356,9055,7546,6559,6298,5727,4979,4752,3289,2591,1784,1906,113294
1,New South Wales,14000,Hornsby,10177,10877,10972,11936,11730,9433,9960,11366,12806,12135,12722,11137,9234,8107,6144,4637,3228,3962,170563
1,New South Wales,14100,Hunters Hill,817,1041,962,1515,890,580,622,877,986,1071,1025,902,764,815,567,458,355,494,14741
1,New South Wales,14150,Hurstville,5753,5004,4638,4902,6304,7146,6722,5632,5823,5460,5700,5245,4386,3800,2974,2646,2005,2344,86484
1,New South Wales,14200,Inverell,1149,1189,1094,1229,910,915,1015,878,999,988,1044,1105,999,1014,878,706,413,411,16936
1,New South Wales,14250,Jerilderie,78,78,105,95,73,53,89,64,98,105,146,113,108,92,89,56,48,36,1526
1,New South Wales,14300,Junee,369,410,396,362,412,463,419,379,450,388,445,462,338,341,248,151,103,94,6230
1,New South Wales,14350,Kempsey,1660,1941,2006,1827,1292,1404,1326,1472,1585,1748,2170,2413,2334,2205,1514,1162,778,847,29684
1,New South Wales,14400,Kiama,1199,1199,1305,1361,1095,824,957,1106,1300,1291,1551,1827,1685,1425,1207,859,627,687,21505
1,New South Wales,14450,Kogarah,3816,3422,3367,3668,4439,4969,4948,4090,4259,4001,4214,3803,3203,2871,2045,1575,1251,1481,61422
1,New South Wales,14500,Ku-ring-gai,6202,8558,9504,9980,8288,4872,4921,6534,8672,9603,9470,7950,6535,6103,5016,3854,2966,3831,122859
1,New South Wales,14550,Kyogle,480,617,582,567,384,427,438,447,549,586,709,889,829,749,464,328,242,250,9537
1,New South Wales,14600,Lachlan,504,530,436,324,346,384,463,375,407,395,412,450,426,369,306,260,185,195,6767
1,New South Wales,14650,Lake Macquarie,12327,12298,12302,13151,12591,11409,11742,11766,13528,12797,13924,13804,12760,12034,9439,7157,5409,5728,204166
1,New South Wales,14700,Lane Cove,2421,2314,1969,1986,2416,2763,3079,2793,2741,2482,2200,1972,1732,1685,1169,800,630,807,35959
1,New South Wales,14750,Leeton,706,773,1026,1397,655,612,569,622,693,668,743,711,603,549,491,355,264,208,11645
1,New South Wales,14800,Leichhardt,4417,3396,2280,1760,3113,4725,6218,5935,5652,4450,3674,3283,3105,2586,1705,1053,717,687,58756
1,New South Wales,14850,Lismore,2515,2714,2947,3114,2946,2337,2407,2493,2865,3014,3463,3531,3106,2330,1644,1292,981,1042,44741
1,New South Wales,14870,Lithgow,1169,1350,1290,1235,1276,1179,1164,1128,1367,1362,1633,1581,1452,1399,1092,781,495,463,21416
1,New South Wales,14900,Liverpool,15869,15061,14715,14940,15503,15316,15982,14354,14437,13516,13375,11607,8952,7208,5166,3852,2526,2215,204594
1,New South Wales,14920,Liverpool Plains,417,508,506,439,384,408,397,401,448,486,601,548,525,498,429,341,219,204,7759
1,New South Wales,14950,Lockhart,180,225,200,182,100,112,124,137,168,224,248,193,236,218,175,110,89,104,3025
1,New South Wales,15050,Maitland,5572,5581,5224,5310,5102,5132,5161,5278,5427,4987,4974,4555,4003,3478,2446,1786,1313,1278,76607
1,New South Wales,15150,Manly,3256,3122,2311,2040,2505,3386,4242,4132,3807,3041,2878,2339,2090,1976,1501,1020,841,878,45365
1,New South Wales,15200,Marrickville,5161,4054,3069,2966,6108,9032,9623,8028,7481,6008,5199,4360,3598,2937,2212,1897,1316,1221,84270
1,New South Wales,15270,Mid-Western Regional,1612,1618,1661,1502,1179,1366,1241,1362,1607,1699,1730,1570,1495,1429,1187,849,537,547,24191
1,New South Wales,15300,Moree Plains,1064,1068,953,905,970,1005,911,842,952,862,929,888,681,683,516,378,225,221,14053
1,New South Wales,15350,Mosman,1637,1898,1970,1794,1572,1868,1996,1964,2541,2313,2113,1806,1692,1765,1310,857,574,826,30496
1,New South Wales,15500,Murray,418,371,487,409,315,290,329,377,440,440,502,521,605,662,574,394,251,214,7599
1,New South Wales,15550,Murrumbidgee,186,192,164,157,155,132,144,141,164,166,164,205,133,136,103,93,76,47,2558
1,New South Wales,15650,Muswellbrook,1240,1312,1187,1202,1279,1341,1183,1178,1244,1137,1139,1017,779,652,504,354,241,220,17209
1,New South Wales,15700,Nambucca,969,1213,1159,1103,788,706,751,808,1037,1100,1426,1609,1587,1567,1329,971,689,786,19598
1,New South Wales,15750,Narrabri,1015,1071,945,857,724,753,817,856,844,862,937,943,852,712,589,444,296,282,13799
1,New South Wales,15800,Narrandera,372,458,353,351,282,215,345,322,358,351,424,453,380,349,310,220,152,225,5920
1,New South Wales,15850,Narromine,469,625,550,378,308,333,363,358,405,394,442,421,443,468,338,231,160,136,6822
1,New South Wales,15900,Newcastle,9749,9124,8223,9257,14607,13661,12120,10110,10602,9741,10309,9848,8579,7473,5702,4588,3390,4142,161225
1,New South Wales,15950,North Sydney,4094,2500,1850,2008,4150,9044,10223,7528,5542,4170,4099,3923,3606,3409,2524,1638,1047,1263,72618
1,New South Wales,16100,Oberon,324,344,301,338,282,319,239,269,335,333,340,363,421,382,292,183,126,127,5318
1,New South Wales,16150,Orange,3266,3022,2731,2947,2793,2930,2970,2628,2641,2425,2545,2435,2234,1905,1475,1136,896,830,41809
1,New South Wales,16180,Palerang,1029,1053,1209,1084,733,627,797,902,1283,1311,1304,1287,1047,916,570,386,202,157,15897
1,New South Wales,16200,Parkes,998,1111,1110,1119,898,765,858,897,915,947,1018,949,861,768,692,547,435,449,15337
1,New South Wales,16250,Parramatta,15623,11685,9788,10548,14298,20398,20427,15092,12673,11246,11200,9982,8259,6889,5295,4210,3192,3643,194448
1,New South Wales,16350,Penrith,14733,13668,12630,13408,15424,15723,15134,13487,13633,12481,12841,12030,10298,8870,5534,3516,2255,2257,197922
1,New South Wales,16370,Pittwater,3794,4476,4153,3797,3494,2644,3039,3902,4853,4459,4867,4524,4239,3886,2996,2042,1433,1591,64189
1,New South Wales,16380,Port Macquarie-Hastings,3928,4655,4769,4617,3318,3002,3449,3890,4881,4710,5317,5480,5508,5864,5103,3953,2839,2845,78128
1,New South Wales,16400,Port Stephens,4048,4658,4483,4349,3943,3397,3662,3675,4471,4507,4865,4608,4629,4983,4044,2684,1744,1697,70447
1,New South Wales,16470,Queanbeyan,2694,2534,2499,2549,2954,3228,3288,2874,3109,3037,2898,2488,2013,1495,1065,774,567,591,40657
1,New South Wales,16550,Randwick,8629,7317,6169,7695,15178,15269,13954,11201,10240,8896,8350,7316,6247,5648,4349,3498,2740,3126,145822
1,New South Wales,16610,Richmond Valley,1470,1559,1568,1516,1243,1091,1145,1195,1240,1404,1648,1567,1600,1429,1153,950,723,680,23181
1,New South Wales,16650,Rockdale,7675,5966,5433,5736,6945,9790,10431,8476,8021,6919,6515,6009,5366,4844,3616,3129,2431,2560,109862
1,New South Wales,16700,Ryde,7338,6306,5678,5872,10252,10819,10520,8624,8188,7419,7083,6594,5826,4807,3612,3025,2435,2773,117171
1,New South Wales,16900,Shellharbour,4412,4753,4869,5083,4689,4167,4112,4143,4846,4653,4801,4463,3855,3440,2695,2090,1387,1256,69714
1,New South Wales,16950,Shoalhaven,5276,5955,5813,5900,4996,4655,4789,4863,5768,5875,6951,7325,7220,7482,6210,4685,3310,3074,100147
1,New South Wales,17000,Singleton,1663,1658,1621,1748,1747,1755,1803,1490,1765,1774,1699,1504,1131,961,648,432,332,340,24071
1,New South Wales,17050,Snowy River,426,561,549,689,471,447,367,425,633,584,657,586,482,490,330,221,126,134,8178
1,New South Wales,17100,Strathfield,2492,2074,2018,2409,3448,4977,4165,2653,2353,2419,2427,2208,1761,1404,1021,905,670,721,40125
1,New South Wales,17150,Sutherland Shire,14328,14375,13571,13447,15260,14657,14371,14939,16552,15008,15567,14890,12754,11665,8570,6129,4839,5298,226220
1,New South Wales,17200,Sydney,8141,4310,3056,6261,24769,36005,32702,20414,14962,11260,10299,8512,7594,6257,4072,2878,2011,1836,205339
1,New South Wales,17310,Tamworth Regional,3969,4337,4243,4316,3632,3530,3508,3293,3851,3892,4070,4009,3636,3342,2646,2094,1404,1349,61121
1,New South Wales,17350,Temora,351,457,443,362,208,248,212,298,394,340,449,437,417,400,366,280,210,199,6071
1,New South Wales,17400,Tenterfield,308,427,421,340,245,182,292,353,429,343,513,650,644,629,466,343,209,192,6986
1,New South Wales,17420,The Hills Shire,12052,13857,13773,13785,12921,10020,10931,13016,15023,13813,13388,12409,11146,9951,6981,4274,2443,2447,192230
1,New South Wales,17450,Tumbarumba,181,227,276,175,159,160,164,226,235,212,242,311,283,210,173,156,100,96,3586
1,New South Wales,17500,Tumut Shire,723,848,738,651,562,615,657,560,730,687,797,780,750,688,530,445,298,349,11408
1,New South Wales,17550,Tweed,4969,5509,5585,5652,4502,4044,4532,4758,5900,5740,6424,6861,6140,5916,5022,4113,3367,3426,92460
1,New South Wales,17620,Upper Hunter Shire,929,1096,1069,854,717,939,971,901,928,902,906,951,864,814,596,433,315,352,14537
1,New South Wales,17640,Upper Lachlan Shire,404,506,496,504,308,270,313,387,462,518,662,554,579,579,508,371,249,206,7876
1,New South Wales,17650,Uralla,329,531,437,418,241,243,333,394,416,431,463,530,509,424,301,182,129,100,6411
1,New South Wales,17700,Urana,34,42,79,75,48,29,45,34,76,75,103,79,102,74,102,77,34,34,1142
1,New South Wales,17750,Wagga Wagga,4327,4316,4145,4747,5800,4614,4090,3732,4007,3672,3881,3843,3267,2689,2068,1611,1190,1429,63428
1,New South Wales,17800,Wakool,193,221,186,252,191,192,155,170,199,283,342,367,327,251,210,175,135,138,3987
1,New South Wales,17850,Walcha,155,198,164,155,126,160,141,112,209,213,199,228,223,247,209,130,81,114,3064
1,New South Wales,17900,Walgett,464,475,387,306,378,418,392,357,425,427,487,482,483,438,413,231,112,116,6791
1,New South Wales,17950,Warren,209,223,176,142,141,165,149,147,169,217,243,191,190,175,134,83,85,62,2901
1,New South Wales,18000,Warringah,10711,10900,9540,8962,8722,9349,10931,11842,12995,11524,10584,8616,7485,6890,5737,4359,3425,4121,156693
1,New South Wales,18020,Warrumbungle Shire,485,695,670,571,393,426,428,461,581,591,653,721,712,677,593,473,316,282,9728
1,New South Wales,18050,Waverley,4932,3683,2854,2658,4672,8155,9650,7181,6113,4383,3666,3263,2845,2624,1885,1461,1135,1539,72699
1,New South Wales,18100,Weddin,208,232,206,227,123,133,142,179,204,269,277,254,277,286,250,172,114,148,3701
1,New South Wales,18150,Wellington,542,669,628,513,506,448,491,509,619,540,588,624,562,574,437,360,237,226,9073
1,New South Wales,18200,Wentworth,418,453,475,475,369,344,346,339,438,457,529,472,495,400,355,232,159,127,6883
1,New South Wales,18250,Willoughby,5115,4747,4302,4228,5168,5999,6545,6076,6090,5226,4780,4142,3627,3250,2191,1765,1432,1671,76354
1,New South Wales,18350,Wingecarribee,2440,3067,3310,3116,2180,1947,1863,2283,2994,3105,3234,3315,3361,3773,3003,2125,1488,1424,48028
1,New South Wales,18400,Wollondilly,3284,3686,3481,3390,3035,2678,2868,3140,3786,3396,3319,3069,2637,2324,1502,1047,664,691,47997
1,New South Wales,18450,Wollongong,12404,12960,12116,13203,16860,14437,13286,12991,13995,12831,13835,12747,11454,10326,8304,6680,5303,5143,208875
1,New South Wales,18500,Woollahra,3357,2944,2797,3027,3683,5295,5764,4414,4278,3537,3566,3237,2875,3326,2533,1722,1240,1712,59307
1,New South Wales,18550,Wyong,10051,10889,10304,10406,9443,8988,9088,8786,10490,9934,10266,10150,9347,9415,7792,5769,4384,4479,159981
1,New South Wales,18710,Yass Valley,1045,1245,1235,1139,768,658,866,1103,1374,1248,1254,1114,999,891,630,441,267,287,16564
1,New South Wales,18750,Young,840,942,892,865,658,605,583,723,774,822,783,750,805,846,585,458,315,342,12588
1,New South Wales,19399,Unincorporated NSW,87,80,41,35,47,51,88,91,50,67,99,91,85,71,42,36,12,16,1089
2,Victoria,20110,Alpine,517,698,716,679,334,318,450,573,773,823,970,1048,973,956,710,559,354,407,11858
2,Victoria,20260,Ararat,561,674,629,614,465,509,570,606,685,763,814,829,819,738,575,474,356,347,11028
2,Victoria,20570,Ballarat,6645,6537,6275,7093,8139,6750,6278,6151,6521,6377,6410,6187,5680,5168,3922,2999,2220,2226,101578
2,Victoria,20660,Banyule,8148,7509,6617,7397,8698,8545,8800,8957,9049,8210,8283,7823,6984,6617,4905,3626,2767,3297,126232
2,Victoria,20740,Bass Coast,1746,1948,1739,1546,1196,1585,1784,1832,2106,2035,2098,2265,2381,2590,1952,1382,919,929,32033
2,Victoria,20830,Baw Baw,2981,3048,2902,3074,2399,2451,2573,2525,2880,2920,3240,3427,3232,3030,2238,1652,1035,1031,46638
2,Victoria,20910,Bayside,5600,6891,6964,6331,6015,4262,4271,5522,7950,8047,7757,6918,6230,5645,4201,2956,2355,3406,101321
2,Victoria,21010,Benalla,691,791,743,863,574,635,513,587,735,831,1059,1156,1136,970,714,583,429,486,13496
2,Victoria,21110,Boroondara,8365,9961,10673,12257,15438,13459,11450,9682,11698,12547,12196,10802,9166,8206,6062,4512,3648,4665,174787
2,Victoria,21180,Brimbank,13357,12132,11657,12652,15088,16574,16130,13710,13705,12901,12411,11979,10768,9246,6431,4602,3126,2963,199432
2,Victoria,21270,Buloke,297,386,400,327,196,216,224,262,381,432,431,476,465,382,305,298,207,267,5952
2,Victoria,21370,Campaspe,2151,2357,2442,2464,1629,1717,1727,1798,2262,2467,2786,2599,2392,2364,1989,1404,1079,1120,36747
2,Victoria,21450,Cardinia,7550,7066,6390,6085,6095,6677,6910,6118,6559,6166,5701,5044,4054,3758,2641,1778,1134,1158,90884
2,Victoria,21610,Casey,22757,22322,20040,21233,20643,20761,22979,21798,22052,20372,18840,16035,12883,10293,7293,5177,3364,3369,292211
2,Victoria,21670,Central Goldfields,674,748,746,667,428,504,489,566,732,762,892,983,968,987,843,710,420,456,12575
2,Victoria,21750,Colac-Otway,1149,1166,1207,1190,1017,1023,1082,1060,1250,1294,1432,1516,1529,1374,1055,732,590,589,20255
2,Victoria,21830,Corangamite,887,1134,1045,1096,637,633,647,764,955,1079,1192,1127,1015,960,814,701,477,508,15671
2,Victoria,21890,Darebin,9604,8038,6619,6632,11640,14947,15058,12539,11579,10257,8770,7762,6084,5407,4669,4163,3469,3644,150881
2,Victoria,22110,East Gippsland,2315,2628,2548,2457,1660,1728,1931,2106,2485,2552,3050,3366,3614,3777,2975,2109,1410,1284,43995
2,Victoria,22170,Frankston,9108,8586,7851,8262,9094,9606,9892,9222,9688,9426,9308,8560,7434,6537,4777,3610,2442,2568,135971
2,Victoria,22250,Gannawarra,532,530,595,601,401,347,433,434,552,657,706,732,796,740,662,545,382,374,10019
2,Victoria,22310,Glen Eira,9381,9173,8042,8066,10354,11989,11690,10151,11320,9970,9175,8239,7093,6160,4171,3645,3093,4591,146303
2,Victoria,22410,Glenelg,991,1080,1228,1260,725,746,997,1092,1237,1352,1521,1575,1439,1219,1001,696,518,481,19158
2,Victoria,22490,Golden Plains,1469,1630,1663,1447,902,889,1234,1318,1607,1657,1620,1454,1298,1128,659,371,225,238,20809
2,Victoria,22620,Greater Bendigo,7112,7201,6790,7176,7550,6775,6668,6452,6890,6831,7055,7017,6495,5776,4398,3276,2438,2537,108437
2,Victoria,22670,Greater Dandenong,10709,8803,8303,9376,11484,13946,13739,10293,9648,9157,8710,8750,7603,6942,5186,4126,2998,2966,152739
2,Victoria,22750,Greater Geelong,14252,14176,13518,14532,15397,14531,14632,14093,15262,14673,15298,14790,13481,12711,9478,7272,5442,5882,229420
2,Victoria,22830,Greater Shepparton,4351,4419,4271,4511,3813,3866,3867,3696,4298,4165,4284,3984,3625,3205,2365,1904,1348,1394,63366
2,Victoria,22910,Hepburn,796,1046,746,650,494,535,676,819,1026,1038,1123,1214,1339,1161,813,553,405,360,14794
2,Victoria,22980,Hindmarsh,257,319,317,341,181,227,218,211,312,360,473,473,378,378,339,231,206,273,5494
2,Victoria,23110,Hobsons Bay,6532,5671,4637,4821,5849,6847,7770,7165,7178,6627,6359,5595,4545,4008,2892,2399,1972,1894,92761
2,Victoria,23190,Horsham,1272,1326,1213,1266,1131,1065,1079,1155,1232,1312,1343,1431,1203,1048,807,687,601,603,19774
2,Victoria,23270,Hume,15062,14225,13577,14203,14944,15055,15089,13270,13501,13311,12575,10548,8556,7275,5139,3490,2379,1807,194006
2,Victoria,23350,Indigo,788,990,1030,1010,522,489,663,879,1068,1109,1272,1291,1246,1088,738,498,375,375,15431
2,Victoria,23430,Kingston,9446,9229,8214,8394,9641,10188,11118,10826,11759,11163,10507,9607,8157,7688,6004,4768,3681,4087,154477
2,Victoria,23670,Knox,9089,9104,9138,10399,11002,10172,10284,10041,10970,11022,11342,10641,9362,7777,5629,4096,2779,2834,155681
2,Victoria,23810,Latrobe,4710,4671,4409,4782,4968,4722,4438,4077,4426,4807,5180,5009,4522,4182,3105,2331,1657,1552,73548
2,Victoria,23940,Loddon,366,414,394,357,173,205,295,285,424,493,622,639,660,636,444,379,235,262,7283
2,Victoria,24130,Macedon Ranges,2788,3243,3202,3120,2403,1692,2133,2744,3633,3614,3504,3128,2874,2746,1882,1143,697,762,45308
2,Victoria,24210,Manningham,5554,6333,6862,7634,7889,7026,6508,6717,7990,8445,8628,8074,7052,7000,6262,4977,3494,2997,119442
2,Victoria,24250,Mansfield,492,525,554,739,289,215,325,400,464,539,591,687,663,693,435,308,185,196,8300
2,Victoria,24330,Maribyrnong,6203,4340,3304,3513,7135,9689,9494,7975,6823,5436,4511,3976,3192,2342,1666,1388,1202,1326,83515
2,Victoria,24410,Maroondah,7406,6921,6433,6801,7537,7579,8337,7761,8204,7638,7484,6847,5933,5460,4061,3039,2341,2528,112310
2,Victoria,24600,Melbourne,4109,2453,1860,7816,26318,26570,18173,9341,6188,5041,4595,4250,3786,3208,2058,1341,872,1001,128980
2,Victoria,24650,Melton,11341,11073,9429,8835,8902,10310,11769,11429,10750,8817,7455,6716,5643,4273,2398,1661,1032,919,132752
2,Victoria,24780,Mildura,3397,3607,3599,3850,3190,2964,3097,3030,3423,3425,3477,3481,3167,2872,2132,1717,1266,1321,53015
2,Victoria,24850,Mitchell,2778,2876,2673,2865,2243,2331,2488,2452,2779,2823,2921,2542,2192,1856,1261,906,581,576,39143
2,Victoria,24900,Moira,1728,1861,1778,1770,1154,1213,1404,1353,1724,1839,1963,2035,2061,2113,1625,1302,937,960,28820
2,Victoria,24970,Monash,9776,9636,9554,11908,18209,15949,12971,11471,12523,12071,11461,10261,9193,8567,7586,6445,4856,4849,187286
2,Victoria,25060,Moonee Valley,6946,6907,6313,6380,8875,9883,9323,8344,8811,8397,7753,6910,5929,5256,4112,3689,2798,2957,119583
2,Victoria,25150,Moorabool,2198,2336,2051,2175,1589,1560,1943,2005,2367,2310,2336,2133,1985,1670,1133,737,478,490,31496
2,Victoria,25250,Moreland,10877,9020,7455,7300,13578,18019,18103,14043,12368,10341,9000,7685,6296,5269,4472,4718,4058,4168,166770
2,Victoria,25340,Mornington Peninsula,8248,9780,9459,9394,8053,6505,6915,8403,10711,10429,10308,10270,10281,10919,8925,6720,4802,4893,155015
2,Victoria,25430,Mount Alexander,900,921,999,947,714,695,751,937,1207,1218,1457,1522,1631,1405,1017,764,506,539,18130
2,Victoria,25490,Moyne,1023,1256,1124,988,649,706,850,950,1085,1134,1202,1232,1147,986,682,471,334,410,16229
2,Victoria,25620,Murrindindi,667,763,770,767,597,633,641,661,886,1074,1091,1139,994,1116,773,490,305,326,13693
2,Victoria,25710,Nillumbik,3254,4265,4658,4822,4400,2915,2784,3424,4731,5145,5260,5098,4071,3252,1984,1174,668,697,62602
2,Victoria,25810,Northern Grampians,495,605,721,682,459,527,478,539,729,803,875,878,964,915,644,461,336,398,11509
2,Victoria,25900,Port Phillip,5231,3764,3008,2894,7612,14696,15086,10759,8723,7172,6370,5479,4821,4131,2702,2007,1285,1387,107127
2,Victoria,25990,Pyrenees,306,379,378,379,234,233,267,314,453,405,531,522,632,612,491,293,185,208,6822
2,Victoria,26080,Queenscliffe (B),82,122,163,218,84,98,89,119,138,161,199,218,261,294,263,175,173,160,3017
2,Victoria,26170,South Gippsland,1565,1850,1773,1675,994,1168,1298,1355,1771,1784,2023,2130,2061,2006,1527,1152,734,840,27706
2,Victoria,26260,Southern Grampians,846,990,1035,1103,779,667,781,796,918,1003,1102,1135,1100,1042,801,646,487,520,15751
2,Victoria,26350,Stonnington,4827,4642,4116,4404,9901,14558,12109,7851,6983,6376,5896,5339,4998,4811,3678,2971,2007,2474,107941
2,Victoria,26430,Strathbogie,463,526,509,473,417,504,403,436,502,587,705,768,792,791,665,496,384,405,9826
2,Victoria,26490,Surf Coast,1992,2215,2052,1707,1240,1245,1542,1960,2342,2052,1948,1976,1967,1729,1164,737,514,559,28941
2,Victoria,26610,Swan Hill,1361,1372,1372,1375,1223,1261,1244,1082,1218,1204,1353,1339,1224,1109,891,727,533,521,20409
2,Victoria,26670,Towong,258,341,417,355,178,195,186,241,346,391,516,479,463,468,334,265,150,179,5762
2,Victoria,26700,Wangaratta,1515,1654,1775,1737,1194,1238,1374,1503,1720,1906,1869,2048,1858,1699,1334,1030,796,815,27065
2,Victoria,26730,Warrnambool,1990,2095,2283,2397,2431,2154,2046,1829,2062,2223,2260,2055,1926,1746,1369,1048,848,882,33644
2,Victoria,26810,Wellington,2401,2737,2591,2733,2057,2358,2463,2198,2478,2717,2952,3153,3039,2712,2004,1420,960,992,41965
2,Victoria,26890,West Wimmera,206,211,282,181,124,162,124,146,234,259,321,355,314,253,221,195,144,147,3879
2,Victoria,26980,Whitehorse,9326,9417,8775,10076,13855,12977,11327,10377,11232,11147,10310,9611,8331,7481,6403,5525,4413,4974,165557
2,Victoria,27070,Whittlesea,16021,14128,11912,11627,13200,16515,17868,15181,14230,12674,11361,10152,8755,7512,5308,4061,2783,2109,195397
2,Victoria,27170,Wodonga,2878,2792,2608,2798,2924,2713,2530,2487,2636,2348,2334,2237,2005,1774,1256,948,644,647,38559
2,Victoria,27260,Wyndham,20423,16716,13499,12530,13599,18382,23020,18867,15875,13300,11603,9371,7485,5927,3820,2521,1528,1381,209847
2,Victoria,27350,Yarra,4407,3083,2524,2692,7707,14018,12986,8399,6338,5294,4745,4199,3536,3082,2081,1553,1241,1266,89151
2,Victoria,27450,Yarra Ranges,9414,9722,9739,10261,9912,8569,8715,9398,10883,10884,11042,10408,9480,8216,5617,3539,2427,2435,150661
2,Victoria,27630,Yarriambiack,291,414,397,404,250,209,218,280,354,447,542,586,486,492,475,304,285,325,6759
2,Victoria,29399,Unincorporated Vic,23,33,33,48,96,118,82,31,50,40,51,28,35,20,12,14,16,22,752
3,Queensland,30250,Aurukun,107,148,128,86,148,158,111,104,120,86,67,58,40,20,20,7,8,8,1424
3,Queensland,30300,Balonne,384,419,363,249,227,293,341,251,353,330,360,324,262,236,161,100,85,88,4826
3,Queensland,30370,Banana,1255,1252,1188,761,795,991,1236,1049,1007,920,1093,898,750,615,485,429,269,216,15209
3,Queensland,30410,Barcaldine (R),252,249,177,155,204,212,192,169,223,280,260,228,188,166,165,67,79,76,3342
3,Queensland,30450,Barcoo,16,21,13,11,38,20,26,22,31,37,34,25,18,23,14,4,4,0,357
3,Queensland,30760,Blackall-Tambo (R),159,151,119,93,131,139,137,124,108,141,180,182,194,126,93,89,43,29,2238
3,Queensland,30900,Boulia,48,30,17,34,48,60,31,32,32,24,38,25,24,16,7,4,11,9,490
3,Queensland,31000,Brisbane,72488,68559,63098,70541,104717,109216,100308,84385,85477,75857,71160,62661,53038,45068,32711,24234,18000,20668,1162186
3,Queensland,31750,Bulloo,25,28,9,14,24,31,42,31,13,26,28,50,10,14,26,0,16,9,396
3,Queensland,31820,Bundaberg (R),5243,5930,6072,5956,4701,4530,4643,4603,5514,5989,6656,6810,6639,6746,5518,4026,2557,2247,94380
3,Queensland,31900,Burdekin,1088,1142,1224,1139,946,1023,1029,966,1096,1095,1305,1247,1135,1044,869,626,451,406,17831
3,Queensland,31950,Burke,37,35,32,21,53,50,58,51,37,27,56,47,23,20,10,0,3,2,562
3,Queensland,32080,Cairns (R),11491,11890,11203,10503,9699,10642,11411,11157,12208,11495,11407,10024,8578,7000,4646,2948,1936,2047,160285
3,Queensland,32250,Carpentaria,168,135,171,119,136,156,168,121,175,192,198,147,139,119,58,28,14,18,2262
3,Queensland,32260,Cassowary Coast (R),1656,1733,1751,1709,1604,1566,1501,1441,1787,2045,2343,2224,2013,1668,1364,984,663,637,28689
3,Queensland,32270,Central Highlands (R),2770,2436,2039,1812,2361,2800,2846,2279,2369,2254,2097,1953,1262,835,597,337,215,192,31454
3,Queensland,32310,Charters Towers (R),841,973,968,951,596,637,664,687,841,767,741,813,751,725,582,384,277,235,12433
3,Queensland,32330,Cherbourg,175,147,127,146,101,83,104,77,61,71,70,57,24,21,4,20,3,0,1291
3,Queensland,32450,Cloncurry,231,222,167,141,244,355,297,267,248,244,262,247,173,114,62,16,34,27,3351
3,Queensland,32500,Cook,290,287,212,165,258,357,360,305,289,308,335,326,315,282,141,71,47,40,4388
3,Queensland,32600,Croydon,31,27,14,13,26,41,23,21,29,11,22,25,4,6,18,6,3,6,326
3,Queensland,32750,Diamantina,17,5,9,18,48,20,22,15,12,37,16,25,18,10,10,1,2,3,288
3,Queensland,32770,Doomadgee,158,176,152,96,133,124,111,109,85,72,76,59,22,7,7,5,4,3,1399
3,Queensland,32810,Douglas,786,675,654,609,688,756,716,713,865,850,928,828,788,626,534,310,189,146,11661
3,Queensland,33100,Etheridge,57,66,38,21,45,76,43,62,53,63,62,74,86,53,64,25,19,19,926
3,Queensland,33200,Flinders,128,107,110,65,97,87,90,84,141,135,135,111,123,130,120,49,40,40,1792
3,Queensland,33220,Fraser Coast (R),5641,6425,6679,6103,4403,4184,4718,5092,6173,6181,6889,7286,7462,8357,6599,4583,2877,2325,101977
3,Queensland,33360,Gladstone (R),5352,5112,4745,4196,4426,4934,5205,4805,5127,4741,4763,4239,3289,2467,1600,1103,721,639,67464
3,Queensland,33430,Gold Coast,34368,34600,32613,34649,40528,39964,39504,36441,40184,36682,35996,33085,30090,28921,21611,15411,10113,10848,555608
3,Queensland,33610,Goondiwindi (R),840,942,791,612,559,565,625,623,797,808,753,645,627,559,443,364,258,211,11022
3,Queensland,33620,Gympie (R),3049,3445,3254,2981,2031,2038,2468,2495,2973,3097,3523,3626,3501,3670,2812,1761,1003,954,48681
3,Queensland,33800,Hinchinbrook,526,598,703,731,552,492,495,504,667,722,918,893,810,814,614,528,396,389,11352
3,Queensland,33830,Hope Vale,93,108,89,83,140,123,111,82,84,56,41,42,22,15,18,6,2,10,1125
3,Queensland,33960,Ipswich,16486,15344,13766,13893,15095,15396,14884,12949,13240,12247,11529,9815,8203,6880,5011,3634,2392,2251,193015
3,Queensland,33980,Isaac (R),2205,2211,1521,1036,1607,2210,2461,2047,2068,1686,1736,1318,859,569,316,175,128,114,24267
3,Queensland,34420,Kowanyama,124,112,74,70,103,104,64,114,108,82,57,57,36,19,7,5,3,3,1142
3,Queensland,34530,Livingstone,2164,2452,2652,2662,1864,1959,1850,2021,2502,2653,2939,2754,2547,2128,1507,1014,724,609,37001
3,Queensland,34570,Lockhart River,48,36,32,44,61,65,38,30,42,31,24,25,16,25,13,13,1,4,548
3,Queensland,34580,Lockyer Valley (R),2506,2942,2746,2835,2644,2318,2273,2254,2480,2533,2667,2534,2162,2168,1567,1044,603,522,38798
3,Queensland,34590,Logan,24195,23122,21588,22695,22866,22099,22669,20525,21295,19709,19279,17697,15661,13729,9236,5726,3401,3189,308681
3,Queensland,34710,Longreach (R),354,383,337,216,245,261,273,264,282,283,269,241,186,151,101,66,96,84,4092
3,Queensland,34770,Mackay (R),8854,8841,8262,7969,8155,9105,9043,8193,9011,8843,8980,7865,6089,4972,3510,2632,1750,1650,123724
3,Queensland,34800,McKinlay,92,56,33,50,76,111,126,60,72,78,58,63,75,39,43,12,7,11,1062
3,Queensland,34830,Mapoon,21,22,20,18,12,33,27,7,26,16,35,20,12,8,3,2,2,10,294
3,Queensland,34860,Maranoa (R),1048,1040,887,824,793,1109,1027,875,935,934,888,878,708,606,463,374,258,215,13862
3,Queensland,34880,Mareeba,1254,1423,1532,1309,1092,1166,1213,1294,1569,1534,1469,1586,1430,1303,1104,720,485,350,21833
3,Queensland,35010,Moreton Bay (R),30153,31307,29373,28797,26868,26056,27526,27712,31110,29072,27640,24914,23174,22110,15856,10415,6922,6477,425482
3,Queensland,35250,Mornington,138,162,118,88,63,92,88,78,94,73,80,65,37,23,12,5,6,3,1225
3,Queensland,35300,Mount Isa,1878,1766,1507,1476,1912,2266,1992,1681,1604,1486,1390,1106,835,581,468,280,172,117,22517
3,Queensland,35600,Murweh,368,375,316,256,286,327,298,275,278,264,307,265,284,212,190,150,102,73,4626
3,Queensland,35670,Napranum,91,104,86,80,82,84,91,71,70,50,48,32,28,7,13,16,6,3,962
3,Queensland,35740,Noosa,2498,3238,3497,3158,2147,1970,2170,2778,3636,3827,4218,4230,4157,4061,3162,2149,1364,1255,53515
3,Queensland,35760,North Burnett (R),606,621,666,535,465,496,533,455,683,665,786,717,730,765,649,427,222,271,10292
3,Queensland,35780,Northern Peninsula Area (R),363,286,251,201,295,260,168,138,140,127,133,113,84,57,35,10,28,25,2714
3,Queensland,35790,Palm Island,249,257,243,204,268,227,192,154,192,162,159,128,99,62,33,17,10,15,2671
3,Queensland,35800,Paroo,140,170,115,73,85,111,145,104,101,108,144,144,128,85,77,50,29,32,1841
3,Queensland,36070,Pormpuraaw,67,57,52,32,51,55,67,51,63,77,32,40,36,27,15,12,6,3,743
3,Queensland,36150,Quilpie,73,109,68,27,36,67,47,39,88,69,91,68,43,56,16,23,8,20,948
3,Queensland,36250,Redland,8757,10111,10291,10366,9188,8106,8390,8787,10586,10551,10866,10143,9371,8515,5944,4039,2852,3126,149989
3,Queensland,36300,Richmond,48,51,45,33,57,71,45,43,59,57,67,77,55,44,18,31,17,14,832
3,Queensland,36370,Rockhampton (R),6265,5816,5602,6049,6110,6042,6160,4992,5147,4986,5399,4919,4225,3544,2880,2238,1638,1641,83653
3,Queensland,36510,Scenic Rim (R),2253,2789,2839,2507,1689,1692,2081,2354,2843,2785,2867,2841,2609,2718,1962,1359,851,718,39757
3,Queensland,36580,Somerset (R),1574,1646,1708,1609,1072,985,1189,1349,1613,1645,1821,1748,1692,1675,1159,743,395,384,24007
3,Queensland,36630,South Burnett (R),2057,2229,2283,1991,1536,1494,1512,1643,2026,2084,2136,2212,2431,2408,1854,1190,826,663,32575
3,Queensland,36660,Southern Downs (R),2149,2408,2396,2443,1695,1505,1704,1779,2084,2213,2414,2479,2642,2600,1997,1361,964,905,35738
3,Queensland,36720,Sunshine Coast (R),16006,18369,18613,17983,15678,14810,15988,16905,20552,19633,20199,18910,18118,17714,13984,9948,7032,7097,287539
3,Queensland,36820,Tablelands (R),1557,1788,1822,1677,959,946,1084,1119,1559,1625,1698,1877,1966,1778,1363,964,617,598,24997
3,Queensland,36910,Toowoomba (R),11051,11284,11647,11711,10595,10285,10037,9494,10530,10113,10468,9952,9018,8386,6911,4856,3570,3324,163232
3,Queensland,36950,Torres,395,360,312,325,287,312,267,225,250,169,213,207,114,78,56,33,26,36,3665
3,Queensland,36960,Torres Strait Island (R),487,557,421,305,458,412,308,266,277,237,225,206,186,116,79,36,17,42,4635
3,Queensland,37010,Townsville,14048,13379,12873,14225,16652,15293,14526,12805,13693,12781,12347,11043,9028,7336,5235,3746,2398,2538,193946
3,Queensland,37300,Weipa (T),411,311,286,199,259,386,404,354,344,264,261,204,154,63,46,13,3,4,3966
3,Queensland,37310,Western Downs (R),2711,2783,2381,2109,1875,2114,2181,2058,2339,2276,2135,2053,1762,1608,1241,959,611,603,33799
3,Queensland,37340,Whitsunday (R),2164,2160,2006,1809,2424,2776,2547,2174,2470,2308,2531,2417,2008,1588,1181,812,493,444,34312
3,Queensland,37400,Winton,81,105,59,48,74,86,87,64,86,112,122,102,88,77,70,52,29,17,1359
3,Queensland,37550,Woorabinda,116,134,87,92,95,84,57,52,64,49,45,46,34,14,15,9,4,4,1001
3,Queensland,37570,Wujal Wujal,27,31,29,31,29,21,6,23,27,20,16,15,8,7,0,4,1,1,296
3,Queensland,37600,Yarrabah,331,297,271,282,248,209,165,134,159,158,127,124,70,36,26,14,21,14,2686
4,South Australia,40070,Adelaide,614,410,295,1311,4478,3673,2413,1465,1215,1072,1085,1027,1050,1145,672,496,317,431,23169
4,South Australia,40120,Adelaide Hills (DC),2143,2728,2833,2786,2164,1349,1623,2224,2961,3181,3235,3201,2956,2612,1628,1048,695,664,40031
4,South Australia,40220,Alexandrina (DC),1191,1379,1382,1473,1084,906,1103,1206,1525,1577,1779,1902,2049,2264,1852,1197,845,735,25449
4,South Australia,40250,Anangu Pitjantjatjara (AC),203,271,204,216,299,352,281,180,179,146,122,94,88,49,36,23,17,32,2792
4,South Australia,40310,Barossa (DC),1394,1539,1534,1480,995,1136,1272,1389,1545,1574,1600,1693,1531,1437,1058,712,605,610,23104
4,South Australia,40430,Barunga West (DC),112,122,135,116,52,92,74,130,127,148,179,179,257,235,151,146,91,88,2434
4,South Australia,40520,Berri and Barmera (DC),573,694,739,653,477,500,564,516,651,653,734,822,701,680,473,392,281,316,10419
4,South Australia,40700,Burnside,1821,2357,2806,3180,3153,2417,2009,2033,2956,3093,3199,3167,2940,2971,2292,1659,1293,1688,45034
4,South Australia,40910,Campbelltown,2703,2803,2911,3283,3556,3146,3448,3064,3588,3760,3542,3001,2622,2646,2386,2257,1531,1642,51889
4,South Australia,41010,Ceduna (DC),225,208,289,277,232,253,208,245,250,251,267,235,256,202,132,69,50,67,3716
4,South Australia,41060,Charles Sturt,6458,6087,5740,6503,7755,8125,8068,7415,7793,7793,7788,7327,6255,5949,4400,3984,3070,3699,114209
4,South Australia,41140,Clare and Gilbert Valleys (DC),573,680,610,479,355,444,433,439,609,648,642,651,678,613,472,291,206,234,9057
4,South Australia,41190,Cleve (DC),130,127,120,67,78,66,89,105,116,123,152,123,132,93,105,59,52,58,1795
4,South Australia,41330,Coober Pedy (DC),93,113,67,77,115,118,118,118,104,124,153,109,109,138,113,64,38,30,1801
4,South Australia,41560,Copper Coast (DC),762,788,778,742,679,647,740,653,662,903,1003,1028,1096,1097,954,676,450,456,14114
4,South Australia,41750,Elliston (DC),62,91,57,41,63,66,70,54,68,70,90,116,86,54,35,19,8,16,1066
4,South Australia,41830,Flinders Ranges (DC),76,93,99,99,57,40,80,100,113,125,119,120,126,101,89,73,51,47,1608
4,South Australia,41960,Franklin Harbour (DC),82,84,71,73,51,58,74,67,80,86,66,86,105,119,40,32,27,33,1234
4,South Australia,42030,Gawler (T),1320,1318,1363,1466,1481,1573,1313,1132,1358,1542,1667,1553,1242,1156,1037,881,590,626,22618
4,South Australia,42110,Goyder (DC),205,258,291,298,172,162,150,166,253,332,345,351,297,255,234,172,144,147,4232
4,South Australia,42250,Grant (DC),458,572,562,554,359,326,362,488,694,686,681,587,617,503,306,197,132,151,8235
4,South Australia,42600,Holdfast Bay,1463,1558,1615,2082,2579,2368,2241,1887,2325,2384,2814,2887,2587,2372,1760,1273,1196,1872,37263
4,South Australia,42750,Kangaroo Island (DC),253,253,278,228,179,198,214,229,255,285,361,445,406,380,251,168,97,131,4611
4,South Australia,43080,Karoonda East Murray (DC),64,62,62,71,28,23,45,57,58,84,79,77,82,71,33,58,46,14,1014
4,South Australia,43220,Kimba (DC),82,56,61,54,42,84,68,63,64,79,81,81,67,52,54,45,27,37,1097
4,South Australia,43360,Kingston (DC),108,114,116,115,94,129,133,107,131,152,181,204,191,192,141,119,68,68,2363
4,South Australia,43650,Light (RegC),911,1143,1160,1055,719,774,891,965,1044,1173,1216,1081,871,703,448,287,223,177,14841
4,South Australia,43710,Lower Eyre Peninsula (DC),289,332,446,360,183,191,316,275,349,413,395,394,348,262,219,125,105,85,5087
4,South Australia,43790,Loxton Waikerie (DC),658,649,751,749,585,528,507,599,730,774,782,791,852,806,621,386,314,380,11462
4,South Australia,43920,Mallala (DC),557,667,599,653,435,421,419,494,667,743,724,652,570,451,317,183,103,95,8750
4,South Australia,44000,Maralinga Tjarutja (AC),2,2,4,4,7,6,4,10,8,3,4,8,3,1,2,3,1,3,75
4,South Australia,44060,Marion,5310,4724,4430,5153,6385,6880,6644,5804,5773,5850,5829,5818,5305,4301,3204,2609,2119,2845,88983
4,South Australia,44210,Mid Murray (DC),318,382,451,394,373,285,381,343,528,606,658,722,770,777,521,348,214,172,8243
4,South Australia,44340,Mitcham,3628,4042,3826,4347,4724,3593,3740,3859,4648,4454,4423,4417,4056,3818,2904,2177,1627,2064,66347
4,South Australia,44550,Mount Barker (DC),2255,2396,2275,2169,1835,1847,1949,2139,2428,2457,2299,2165,1895,1635,1110,719,496,489,32558
4,South Australia,44620,Mount Gambier,1741,1775,1776,1690,1729,1799,1771,1463,1537,1650,1726,1660,1510,1417,1048,841,624,591,26348
4,South Australia,44830,Mount Remarkable (DC),110,152,159,161,66,82,143,109,124,192,238,282,256,202,202,143,75,77,2773
4,South Australia,45040,Murray Bridge,1283,1430,1235,1329,1362,1338,1291,1140,1196,1508,1390,1355,1211,1192,945,737,504,525,20971
4,South Australia,45090,Naracoorte and Lucindale (DC),488,518,518,492,400,432,567,569,583,522,586,600,563,500,338,282,183,249,8390
4,South Australia,45120,Northern Areas (DC),279,243,255,242,169,209,293,244,230,245,322,323,341,370,284,178,125,136,4488
4,South Australia,45290,Norwood Payneham St Peters,1896,1754,1676,2072,3099,3268,3050,2413,2397,2341,2258,2271,2112,1776,1388,1228,987,1364,37350
4,South Australia,45340,Onkaparinga,10783,10853,10364,10803,10585,10807,11131,10535,11516,11390,11594,10973,10471,9657,6444,4469,3121,3302,168798
4,South Australia,45400,Orroroo/Carrieton (DC),43,51,32,46,22,39,30,32,43,61,53,101,69,62,43,51,36,38,852
4,South Australia,45540,Peterborough (DC),78,96,96,86,46,68,53,68,90,89,156,161,151,125,118,82,51,59,1673
4,South Australia,45680,Playford,7634,6680,5820,6345,7120,7419,6434,5289,5454,5680,5582,4797,3636,3161,2508,2057,1417,1189,88222
4,South Australia,45890,Port Adelaide Enfield,8053,7063,6420,7103,8539,10421,10774,8919,8474,7927,7932,7449,6187,5585,4003,3197,2693,3015,123754
4,South Australia,46090,Port Augusta,971,965,862,920,946,1000,889,809,937,934,1118,969,860,813,581,425,259,264,14522
4,South Australia,46300,Port Lincoln,1038,965,930,1006,1021,1023,892,873,919,893,991,989,884,766,615,449,346,384,14984
4,South Australia,46450,Port Pirie City and Dists (M),956,1142,1177,1219,947,851,949,872,1188,1146,1289,1145,1076,1067,866,646,481,523,17540
4,South Australia,46510,Prospect,1254,1229,1042,1184,1879,2023,1785,1424,1463,1458,1405,1348,1151,808,603,460,393,507,21416
4,South Australia,46670,Renmark Paringa (DC),509,530,591,546,471,588,555,491,564,645,661,680,601,565,415,326,242,250,9230
4,South Australia,46860,Robe (DC),62,64,68,74,94,85,73,83,92,76,93,121,111,110,97,44,50,31,1428
4,South Australia,46970,Roxby Downs (M),444,294,211,169,504,810,615,490,418,359,355,232,122,20,13,12,2,8,5078
4,South Australia,47140,Salisbury,9766,8709,8210,9011,10507,10788,11062,9231,9171,9034,8821,7910,7138,6616,4640,3543,2314,2064,138535
4,South Australia,47290,Southern Mallee (DC),121,154,130,94,108,125,125,126,112,149,138,104,127,177,93,56,48,71,2058
4,South Australia,47490,Streaky Bay (DC),113,161,158,141,52,98,130,135,137,147,157,198,172,140,113,95,40,62,2249
4,South Australia,47630,Tatiara (DC),398,443,477,459,303,323,416,372,434,475,485,447,413,374,275,202,165,170,6631
4,South Australia,47700,Tea Tree Gully,5763,5851,5779,6240,6252,6208,6378,6034,6742,7009,6876,6568,6397,5757,4252,2895,1929,1931,98861
4,South Australia,47800,The Coorong (DC),317,353,345,343,255,190,283,298,315,347,441,433,381,418,353,214,128,142,5556
4,South Australia,47910,Tumby Bay (DC),150,161,154,135,81,110,127,102,144,168,211,217,206,193,166,157,96,90,2668
4,South Australia,47980,Unley,2093,2272,2029,2128,2907,3130,2810,2629,2729,2583,2553,2619,2462,2023,1379,1028,777,1173,39324
4,South Australia,48050,Victor Harbor,533,616,706,664,551,520,506,650,705,669,884,1065,1348,1629,1373,1076,818,856,15169
4,South Australia,48130,Wakefield (DC),465,464,467,428,228,318,443,366,410,403,486,504,497,436,345,198,212,216,6886
4,South Australia,48260,Walkerville (M),313,508,465,511,518,423,299,373,503,557,522,545,455,513,368,296,231,273,7673
4,South Australia,48340,Wattle Range (DC),611,753,740,686,500,484,547,635,720,877,890,936,814,726,549,417,272,303,11460
4,South Australia,48410,West Torrens,3430,2941,2487,3031,4956,5480,5047,4232,3830,3676,3731,3292,2674,2489,2025,1942,1643,2058,58964
4,South Australia,48540,Whyalla,1459,1410,1397,1540,1482,1675,1397,1347,1575,1586,1609,1382,1180,1122,942,763,483,410,22759
4,South Australia,48640,Wudinna (DC),157,111,61,37,50,78,85,78,67,62,114,112,88,39,51,29,30,33,1282
4,South Australia,48750,Yankalilla (DC),257,200,213,196,173,195,167,158,278,273,360,415,454,451,377,235,157,141,4700
4,South Australia,48830,Yorke Peninsula (DC),516,547,574,479,366,390,434,436,495,614,768,925,1028,1102,869,638,420,417,11018
4,South Australia,49399,Unincorporated SA,212,214,204,159,231,373,351,360,322,364,425,376,308,177,155,56,40,23,4350
5,Western Australia,50080,Albany,2207,2538,2475,2514,1853,1968,2118,2150,2345,2479,2544,2499,2407,2108,1745,1357,984,942,37233
5,Western Australia,50210,Armadale,6786,5898,5014,5140,5663,6738,7073,5415,5263,4883,5015,4454,3792,3287,2154,1643,1086,983,80287
5,Western Australia,50250,Ashburton,580,463,395,202,642,1427,1580,1218,1195,1091,839,725,344,192,25,15,10,8,10951
5,Western Australia,50280,Augusta-Margaret River,1018,953,905,707,504,752,989,1055,1090,1032,923,989,892,690,495,339,229,245,13807
5,Western Australia,50350,Bassendean (T),1143,923,726,915,1010,1236,1394,1195,1217,1072,1008,912,972,739,491,470,344,334,16101
5,Western Australia,50420,Bayswater,4544,3749,3096,3454,4868,6781,6809,5511,4846,4423,4427,3941,3686,3192,2395,1895,1324,1531,70472
5,Western Australia,50490,Belmont,2889,2108,1775,1921,3299,4615,4374,3197,2696,2443,2364,2201,1815,1671,1202,1123,848,803,41344
5,Western Australia,50560,Beverley,73,94,95,56,57,40,53,60,99,113,133,148,135,136,106,73,57,54,1582
5,Western Australia,50630,Boddington,135,129,98,65,112,250,271,244,223,234,205,205,140,77,56,40,22,31,2537
5,Western Australia,50770,Boyup Brook,110,103,100,70,44,70,96,121,97,92,123,122,125,139,92,74,28,19,1625
5,Western Australia,50840,Bridgetown-Greenbushes,258,351,314,231,176,168,223,234,269,289,375,387,406,373,262,145,98,103,4662
5,Western Australia,50910,Brookton,69,60,63,27,49,55,45,36,82,67,49,63,73,82,61,50,33,44,1008
5,Western Australia,50980,Broome,1307,1465,1330,1007,1132,1675,1529,1331,1402,1322,1120,1074,693,354,209,150,91,117,17308
5,Western Australia,51080,Broomehill-Tambellup,115,124,116,35,28,55,90,88,61,93,84,60,60,31,33,31,9,21,1134
5,Western Australia,51120,Bruce Rock,75,53,76,49,36,47,53,69,45,51,63,87,71,53,44,22,20,25,939
5,Western Australia,51190,Bunbury,2177,2056,1747,2095,2345,2645,2532,2119,2178,2190,2244,2294,2146,1868,1258,985,749,839,34467
5,Western Australia,51260,Busselton,2384,2681,2540,2239,1638,1785,2210,2292,2731,2457,2315,2308,2331,2176,1571,1181,789,707,36335
5,Western Australia,51310,Cambridge (T),1708,2124,1995,1882,1760,1622,1615,1668,2351,2029,1991,1784,1376,1232,891,762,684,776,28250
5,Western Australia,51330,Canning,5720,5323,5367,6536,10105,9840,8182,6364,6437,6322,5987,5497,5058,3961,2800,2066,1323,1467,98355
5,Western Australia,51400,Capel,1306,1586,1649,1341,793,975,1158,1236,1398,1292,1152,992,842,677,426,246,141,106,17316
5,Western Australia,51470,Carnamah,30,37,29,18,14,28,40,27,31,37,47,65,49,32,18,8,7,18,535
5,Western Australia,51540,Carnarvon,423,455,361,299,256,407,453,454,510,428,401,411,357,313,248,128,94,100,6098
5,Western Australia,51610,Chapman Valley,85,71,91,70,43,59,79,67,95,91,85,108,107,77,46,23,26,6,1229
5,Western Australia,51680,Chittering,293,314,439,468,265,155,182,244,406,474,500,431,342,278,217,144,84,65,5301
5,Western Australia,51750,Claremont (T),455,574,622,797,859,843,642,494,636,694,669,704,535,571,559,366,283,403,10706
5,Western Australia,51820,Cockburn,8119,7139,6416,6574,7362,8763,9449,8594,8584,7326,6542,5897,4896,4261,2798,2074,1497,1354,107645
5,Western Australia,51890,Collie,548,610,598,593,498,605,645,566,694,723,756,810,625,517,324,206,172,166,9656
5,Western Australia,51960,Coolgardie,298,302,345,304,250,320,411,330,326,292,235,229,182,113,92,48,12,23,4112
5,Western Australia,52030,Coorow,52,58,41,25,28,44,65,81,88,65,97,84,86,87,78,49,15,10,1053
5,Western Australia,52100,Corrigin,80,63,48,18,29,72,57,42,46,78,96,112,76,74,70,65,31,26,1083
5,Western Australia,52170,Cottesloe (T),403,483,528,436,564,712,665,498,493,621,562,607,616,504,339,249,141,181,8602
5,Western Australia,52240,Cranbrook,89,84,69,47,48,45,82,83,66,66,85,74,64,63,40,51,4,11,1071
5,Western Australia,52310,Cuballing,59,76,69,50,23,33,47,39,68,67,67,66,85,60,42,16,13,17,897
5,Western Australia,52380,Cue,10,9,15,11,12,16,14,18,2,22,35,31,31,24,7,10,3,1,271
5,Western Australia,52450,Cunderdin,102,89,73,137,50,74,79,68,62,74,92,104,106,56,48,43,34,34,1325
5,Western Australia,52520,Dalwallinu,105,77,53,50,79,102,98,87,66,80,136,78,72,47,43,34,47,30,1284
5,Western Australia,52590,Dandaragan,215,202,175,86,98,189,196,190,185,251,255,240,251,264,180,131,101,44,3253
5,Western Australia,52660,Dardanup,1130,1070,920,894,895,1007,1019,920,919,1033,935,902,658,575,461,405,243,247,14233
5,Western Australia,52730,Denmark,326,343,406,387,183,249,300,297,355,430,418,434,414,473,371,243,147,110,5886
5,Western Australia,52800,Derby-West Kimberley,585,738,616,475,701,995,1061,749,709,576,499,410,303,205,102,55,67,57,8903
5,Western Australia,52870,Donnybrook-Balingup,329,403,412,281,199,232,281,271,383,390,482,522,493,439,292,208,118,114,5849
5,Western Australia,52940,Dowerin,55,64,44,21,18,37,44,52,47,40,21,53,56,31,17,30,15,34,679
5,Western Australia,53010,Dumbleyung,37,40,28,8,9,31,41,35,35,34,58,50,33,39,34,48,8,13,581
5,Western Australia,53080,Dundas,77,72,47,26,79,109,85,86,93,78,93,52,83,63,57,16,2,9,1127
5,Western Australia,53150,East Fremantle (T),420,482,501,453,443,345,420,431,561,690,684,592,513,366,287,203,189,163,7743
5,Western Australia,53220,East Pilbara,515,599,569,400,793,1783,1684,1177,1363,1023,878,758,322,184,59,52,18,20,12197
5,Western Australia,53290,Esperance,1036,1051,1002,1019,748,787,809,1009,1045,1015,1048,905,761,730,574,425,274,240,14478
5,Western Australia,53360,Exmouth,208,181,147,78,101,191,208,224,243,219,203,160,123,122,95,50,21,17,2591
5,Western Australia,53430,Fremantle,1685,1672,1352,1378,1896,2566,2601,2119,2184,2091,2130,2152,1917,1665,1272,999,707,660,31046
5,Western Australia,53570,Gingin,323,405,319,245,164,222,243,294,433,384,393,396,491,433,327,213,89,76,5450
5,Western Australia,53640,Gnowangerup,114,118,97,29,67,80,87,79,62,78,126,99,77,88,40,20,20,8,1289
5,Western Australia,53710,Goomalling,82,101,77,26,20,40,48,78,67,60,69,61,64,60,67,29,14,22,985
5,Western Australia,53780,Gosnells,9393,8809,7893,8329,9409,10690,10772,9152,8915,7936,7465,6612,5968,4860,3382,2535,1515,1416,125051
5,Western Australia,53800,Greater Geraldton,2966,3069,3044,3063,2461,2678,2608,2567,2923,2883,2811,2663,2145,1720,1304,980,694,644,41223
5,Western Australia,53920,Halls Creek,247,324,329,321,307,357,399,316,231,181,252,249,161,100,83,32,18,23,3930
5,Western Australia,53990,Harvey,1932,2143,2040,2005,1370,1666,1861,1939,1969,1929,1879,1699,1452,1330,842,608,331,293,27288
5,Western Australia,54060,Irwin,198,234,282,210,128,115,127,218,300,238,283,273,277,287,225,164,105,89,3753
5,Western Australia,54130,Jerramungup,53,79,61,35,72,80,76,72,72,89,82,107,62,45,26,21,26,21,1079
5,Western Australia,54170,Joondalup,9610,10709,10692,12229,12032,10265,9790,10455,12554,12449,12655,12129,10450,8464,5205,3375,2414,2414,167891
5,Western Australia,54200,Kalamunda,3909,4030,3962,4494,3943,3798,3897,3973,4296,4056,3946,3684,3470,3152,2390,1777,1094,959,60830
5,Western Australia,54280,Kalgoorlie/Boulder,2762,2431,2217,2083,2651,3427,2874,2493,2467,2320,2284,1701,1234,838,534,354,197,195,33062
5,Western Australia,54310,Karratha,2001,1759,1284,1197,1783,3062,3017,2676,2559,2168,1855,1388,865,356,114,68,44,32,26228
5,Western Australia,54340,Katanning,306,341,347,277,194,239,213,278,321,288,291,282,266,247,167,132,88,73,4350
5,Western Australia,54410,Kellerberrin,88,89,87,77,33,74,46,42,59,94,76,66,91,95,60,51,30,61,1219
5,Western Australia,54480,Kent,47,41,28,21,17,28,79,48,29,30,36,30,40,9,29,2,6,1,521
5,Western Australia,54550,Kojonup,162,167,120,94,74,114,93,114,123,144,160,145,108,106,68,85,72,50,1999
5,Western Australia,54620,Kondinin,57,54,46,17,46,72,93,63,64,72,105,84,104,56,47,37,16,22,1055
5,Western Australia,54690,Koorda,45,38,32,1,26,11,21,17,31,16,34,29,29,30,23,25,18,9,435
5,Western Australia,54760,Kulin,60,63,52,2,20,31,55,45,74,65,43,74,64,59,38,23,15,16,799
5,Western Australia,54830,Kwinana,3198,2920,2356,2304,2687,3590,3473,2864,2617,2380,1956,1743,1477,1190,929,668,425,372,37149
5,Western Australia,54900,Lake Grace,100,96,66,26,37,60,92,75,115,133,120,120,97,62,47,18,35,15,1314
5,Western Australia,54970,Laverton,32,50,35,39,112,135,120,120,122,107,103,93,71,44,15,7,7,4,1216
5,Western Australia,55040,Leonora,100,111,80,72,218,420,355,214,219,229,170,130,85,30,23,3,11,6,2476
5,Western Australia,55110,Mandurah,5274,5446,4990,5315,4737,4665,4692,4574,5257,5100,5390,5160,5222,5744,4459,3498,2392,2016,83931
5,Western Australia,55180,Manjimup,542,691,731,549,383,433,428,506,637,658,726,714,660,597,393,321,232,203,9404
5,Western Australia,55250,Meekatharra,54,61,58,42,74,180,181,85,112,142,113,102,70,48,17,13,10,14,1376
5,Western Australia,55320,Melville,5427,6113,5957,7060,8181,7073,6448,6431,6963,7223,7478,7348,6572,5459,4102,3080,2579,3161,106655
5,Western Australia,55390,Menzies,14,23,22,17,18,29,36,20,27,30,32,47,15,31,9,3,1,4,378
5,Western Australia,55460,Merredin,222,190,234,175,332,224,167,205,224,200,210,223,190,157,110,93,65,70,3291
5,Western Australia,55530,Mingenew,33,34,21,7,17,36,21,54,34,35,23,57,44,16,13,13,11,4,473
5,Western Australia,55600,Moora,213,187,161,166,127,160,151,174,155,166,183,201,131,101,101,64,47,51,2539
5,Western Australia,55670,Morawa,41,63,64,72,33,60,38,49,82,70,60,46,46,53,39,24,13,26,879
5,Western Australia,55740,Mosman Park (T),469,528,620,770,657,697,657,589,633,646,573,564,571,508,404,240,198,223,9547
5,Western Australia,55810,Mount Magnet,32,38,31,29,31,73,56,37,67,65,53,32,28,32,21,11,3,4,643
5,Western Australia,55880,Mount Marshall,23,34,26,2,21,39,25,38,31,38,43,29,35,24,6,7,21,7,449
5,Western Australia,55950,Mukinbudin,29,26,23,21,11,22,16,25,45,34,46,34,32,52,16,13,19,4,468
5,Western Australia,56090,Mundaring,2037,2458,2592,2857,2467,1901,2032,2308,2956,3267,3232,2989,2630,2281,1613,1043,693,659,40015
5,Western Australia,56160,Murchison,2,7,5,2,5,22,9,4,14,0,16,7,9,2,9,0,0,1,114
5,Western Australia,56230,Murray,1011,1165,1219,1103,707,835,1007,1074,1110,1039,1267,1072,1168,1221,936,648,383,297,17262
5,Western Australia,56300,Nannup,58,72,74,60,28,35,38,55,83,88,103,157,143,145,99,21,25,23,1307
5,Western Australia,56370,Narembeen,49,43,45,22,67,46,32,40,49,57,69,59,38,64,25,34,31,25,795
5,Western Australia,56450,Narrogin,50,63,52,142,32,34,43,59,47,58,70,79,55,51,27,21,6,2,891
5,Western Australia,56520,Narrogin (T),313,377,327,460,323,224,292,228,276,226,208,293,217,214,166,131,90,102,4467
5,Western Australia,56580,Nedlands,1080,1603,1705,1658,1874,1239,995,1095,1403,1666,1727,1596,1511,1262,980,681,461,548,23084
5,Western Australia,56620,Ngaanyatjarraku,91,118,99,93,111,171,160,114,86,91,76,79,58,22,9,10,17,15,1420
5,Western Australia,56730,Northam,747,796,804,756,656,722,695,726,679,686,778,840,766,674,495,327,196,212,11555
5,Western Australia,56790,Northampton,179,186,223,146,85,76,149,210,195,241,263,278,264,262,204,119,96,77,3253
5,Western Australia,56860,Nungarin,6,10,20,11,2,4,5,14,12,30,17,36,8,5,4,26,1,7,218
5,Western Australia,56930,Peppermint Grove,36,76,192,185,121,75,52,49,88,105,136,130,89,98,77,57,34,46,1646
5,Western Australia,57000,Perenjori,36,38,28,23,32,102,104,76,91,73,71,97,52,29,19,8,9,7,895
5,Western Australia,57080,Perth,740,228,188,676,2316,4313,3619,1779,1124,1039,1067,1123,992,757,520,290,188,133,21092
5,Western Australia,57140,Pingelly,76,93,82,30,62,73,44,47,80,73,91,94,89,68,75,55,24,32,1188
5,Western Australia,57210,Plantagenet,274,291,280,301,225,260,243,333,327,366,434,444,397,362,271,165,93,119,5185
5,Western Australia,57280,Port Hedland (T),1307,1122,838,789,1254,2054,1966,1530,1400,1176,1147,872,494,215,148,79,46,46,16483
5,Western Australia,57350,Quairading,71,62,67,19,43,51,50,53,43,68,86,95,75,79,68,47,50,17,1044
5,Western Australia,57420,Ravensthorpe,159,200,131,36,58,120,203,177,169,160,198,192,93,136,104,75,31,21,2263
5,Western Australia,57490,Rockingham,10303,9798,8788,8884,9001,9856,9751,8772,9248,8882,8286,6804,5477,4979,3773,2776,1882,1702,128962
5,Western Australia,57630,Sandstone,0,0,8,5,8,9,0,3,6,22,8,8,14,5,7,0,1,1,105
5,Western Australia,57700,Serpentine-Jarrahdale,2012,1973,1927,1670,1494,1665,1699,1668,1881,1780,1565,1363,1094,926,599,369,234,189,24108
5,Western Australia,57770,Shark Bay,66,63,31,15,34,51,79,67,62,71,66,99,69,70,50,30,12,16,951
5,Western Australia,57840,South Perth,2418,2223,1972,2974,4661,4799,3822,2935,2848,2805,2833,2829,2672,2206,1456,1035,774,982,46244
5,Western Australia,57910,Stirling,14644,12391,11028,12013,16594,23123,21559,16618,15540,14024,13401,12339,10874,9782,7647,6251,4687,5051,227566
5,Western Australia,57980,Subiaco,1081,1012,887,1052,2026,2494,1927,1579,1168,1108,1151,1156,1094,996,707,427,276,282,20423
5,Western Australia,58050,Swan,9893,9598,9280,9240,9350,10308,10369,9453,10025,9692,8928,7470,6207,5013,3389,2303,1478,1307,133303
5,Western Australia,58190,Tammin,32,54,37,13,15,18,30,15,25,28,44,25,21,13,8,19,0,9,406
5,Western Australia,58260,Three Springs,48,44,23,15,26,44,55,35,39,36,32,62,56,38,4,6,31,20,614
5,Western Australia,58330,Toodyay,180,249,251,270,152,162,210,183,259,395,421,448,433,397,242,168,74,50,4544
5,Western Australia,58400,Trayning,14,26,14,9,5,6,19,19,16,28,29,30,22,33,22,14,0,20,326
5,Western Australia,58470,Upper Gascoyne,42,34,15,18,16,11,16,12,20,3,13,34,7,10,4,4,2,3,264
5,Western Australia,58510,Victoria Park (T),2271,1766,1225,1599,3663,5015,4410,3197,2581,2160,2082,1866,1625,1318,980,796,745,1151,38450
5,Western Australia,58540,Victoria Plains,59,69,48,19,43,65,94,66,73,58,88,60,46,52,46,16,5,7,914
5,Western Australia,58570,Vincent,2006,1741,1363,1349,3115,5346,4806,3232,2795,2411,2122,1873,1447,1110,818,680,575,672,37461
5,Western Australia,58610,Wagin,137,128,110,55,74,86,123,103,81,125,123,145,164,156,113,67,66,64,1920
5,Western Australia,58680,Wandering,29,38,21,11,16,21,20,24,42,46,34,26,27,29,28,12,6,4,434
5,Western Australia,58760,Wanneroo,15722,15168,13445,13340,12862,15079,15758,14364,14556,13178,11189,8826,7317,6327,4633,3251,2044,1726,188785
5,Western Australia,58820,Waroona,279,239,271,246,249,249,235,199,239,300,289,296,254,215,178,151,90,76,4055
5,Western Australia,58890,West Arthur,61,76,62,24,33,27,53,69,71,74,60,63,62,54,40,45,15,15,904
5,Western Australia,59030,Westonia,10,16,12,3,6,14,35,13,18,20,34,26,20,11,10,4,3,4,259
5,Western Australia,59100,Wickepin,77,39,39,12,18,32,28,43,55,87,71,58,41,46,25,25,9,13,718
5,Western Australia,59170,Williams,76,67,52,46,40,57,51,79,61,39,79,72,53,64,29,46,21,5,937
5,Western Australia,59250,Wiluna,29,36,26,19,79,206,175,102,118,100,110,85,26,18,17,2,3,5,1156
5,Western Australia,59310,Wongan-Ballidu,130,151,97,37,40,97,110,102,93,87,99,105,104,61,45,45,32,45,1480
5,Western Australia,59320,Woodanilling,33,34,43,21,11,35,27,13,34,33,33,22,30,19,15,9,10,0,422
5,Western Australia,59330,Wyalkatchem,23,50,36,9,36,12,23,29,37,26,35,35,43,49,35,14,20,13,525
5,Western Australia,59340,Wyndham-East Kimberley,674,721,620,413,572,901,907,726,638,623,578,435,340,248,119,73,27,45,8660
5,Western Australia,59350,Yalgoo,12,9,14,2,37,60,58,42,41,29,29,37,13,3,14,2,0,0,402
5,Western Australia,59360,Yilgarn,72,90,79,16,87,164,125,110,138,135,134,119,91,75,29,40,28,20,1552
5,Western Australia,59370,York,176,168,248,196,169,131,161,120,192,231,291,298,304,248,215,143,99,70,3460
6,Tasmania,60210,Break O`Day (M),311,333,372,275,236,210,269,288,326,399,502,604,636,643,505,263,143,154,6469
6,Tasmania,60410,Brighton (M),1306,1327,1214,1242,911,935,995,1023,1020,1024,1043,1057,946,785,512,303,208,159,16010
6,Tasmania,60610,Burnie,1212,1309,1305,1490,1358,1092,1120,1174,1268,1275,1353,1339,1205,1045,818,636,464,424,19887
6,Tasmania,60810,Central Coast (M),1240,1416,1442,1416,959,1002,1083,1118,1414,1572,1747,1734,1626,1536,1167,828,596,505,22401
6,Tasmania,61010,Central Highlands (M),157,115,113,87,132,108,118,119,116,154,195,181,237,192,121,87,40,37,2309
6,Tasmania,61210,Circular Head (M),524,618,610,593,434,427,535,406,472,544,662,616,457,476,316,250,148,157,8245
6,Tasmania,61410,Clarence,3459,3428,3198,3402,2965,3034,3453,3192,3713,3522,3804,3845,3526,3321,2448,1793,1311,1260,54674
6,Tasmania,61510,Derwent Valley (M),632,651,635,710,520,549,559,532,630,662,843,720,697,579,384,344,197,182,10026
6,Tasmania,61610,Devonport,1575,1603,1580,1749,1586,1348,1392,1396,1717,1526,1641,1656,1562,1557,1255,937,705,748,25533
6,Tasmania,61810,Dorset (M),385,411,435,422,244,316,353,335,405,459,558,578,568,524,394,307,200,211,7105
6,Tasmania,62010,Flinders (M),29,44,35,2,7,14,41,28,34,68,75,119,90,104,47,25,17,4,783
6,Tasmania,62210,George Town (M),495,488,400,421,352,286,333,324,367,445,492,536,558,436,373,262,126,108,6802
6,Tasmania,62410,Glamorgan/Spring Bay (M),149,199,203,155,146,173,146,165,279,244,356,412,473,527,427,233,107,99,4493
6,Tasmania,62610,Glenorchy,3089,2857,2610,2927,3148,3108,2988,2687,2933,2915,3098,3015,2439,2325,1875,1482,1206,1125,45827
6,Tasmania,62810,Hobart,2414,2308,2482,3015,5225,4215,3182,3069,3227,3236,3541,3521,3291,2581,1870,1307,1038,1192,50714
6,Tasmania,63010,Huon Valley (M),937,1127,1055,976,680,662,789,969,1187,1187,1273,1214,1198,1204,767,583,315,231,16354
6,Tasmania,63210,Kentish (M),360,412,381,488,252,254,344,290,427,496,593,508,504,485,286,204,100,97,6481
6,Tasmania,63410,King Island (M),87,78,64,79,71,100,66,67,97,117,131,110,150,133,69,74,44,40,1577
6,Tasmania,63610,Kingborough (M),2251,2640,2516,2301,1883,1848,2065,2034,2318,2259,2519,2571,2449,2161,1561,1050,724,683,35833
6,Tasmania,63810,Latrobe (M),557,725,642,619,475,565,538,611,635,745,840,838,833,758,593,440,290,234,10938
6,Tasmania,64010,Launceston,3981,4113,3748,4711,5476,4569,4238,3816,4332,4318,4221,4217,3820,3525,2691,2068,1524,1710,67078
6,Tasmania,64210,Meander Valley (M),1037,1142,1263,1333,1034,877,968,980,1388,1385,1441,1490,1413,1356,939,674,506,460,19686
6,Tasmania,64610,Northern Midlands (M),753,793,774,873,578,533,622,669,830,879,942,1030,888,888,653,479,317,248,12749
6,Tasmania,64810,Sorell (M),931,876,874,898,738,741,861,788,889,966,1092,1003,940,825,611,377,274,271,13955
6,Tasmania,65010,Southern Midlands (M),343,481,427,368,223,302,326,313,398,494,491,570,486,399,330,162,81,84,6278
6,Tasmania,65210,Tasman (M),82,139,161,85,37,62,112,107,119,153,217,226,245,208,200,120,71,61,2405
6,Tasmania,65410,Waratah/Wynyard (M),826,856,840,1040,758,650,658,713,861,994,1094,1087,1030,945,754,541,347,295,14289
6,Tasmania,65610,West Coast (M),271,295,256,225,272,246,323,253,338,321,329,327,289,262,214,145,76,41,4483
6,Tasmania,65810,West Tamar (M),1278,1507,1606,1548,1028,919,1048,1203,1510,1670,1810,1828,1604,1549,1220,827,545,502,23202
7,Northern Territory,70200,Alice Springs (T),2220,2025,1955,1918,1805,2335,2506,2118,2144,1961,1933,1770,1354,809,570,259,164,126,27972
7,Northern Territory,70420,Barkly (R),739,769,654,594,669,705,649,583,545,512,455,386,302,250,178,106,31,41,8168
7,Northern Territory,70540,Belyuen,13,27,12,17,11,17,34,10,25,10,11,7,0,8,2,2,2,1,209
7,Northern Territory,70620,Central Desert (R),376,438,388,283,349,443,438,301,255,254,210,212,171,114,56,31,25,24,4368
7,Northern Territory,70700,Coomalie,63,47,49,80,79,61,57,57,99,117,122,123,152,105,48,14,20,3,1296
7,Northern Territory,71000,Darwin,5579,4855,4730,4937,5921,8427,7934,6598,6091,5759,5751,4877,4288,3189,1920,1063,575,418,82912
7,Northern Territory,71300,East Arnhem (R),811,1053,1155,940,969,1039,1078,851,696,582,496,400,276,187,105,54,25,13,10730
7,Northern Territory,72200,Katherine (T),1075,865,769,642,748,948,918,747,811,761,764,674,557,388,217,133,71,30,11118
7,Northern Territory,72300,Litchfield (M),1529,1416,1519,1589,1954,1590,1498,1593,2033,1958,1840,1644,1423,1014,583,251,119,61,23614
7,Northern Territory,72330,MacDonnell (R),497,567,516,420,654,745,751,646,527,403,399,325,202,151,85,43,24,27,6982
7,Northern Territory,72800,Palmerston,3488,2937,2482,2296,2934,3697,3424,2924,2640,2075,1669,1453,1005,668,431,271,146,112,34652
7,Northern Territory,73600,Roper Gulf (R),642,784,673,547,707,838,649,446,452,430,309,339,269,169,72,49,46,15,7436
7,Northern Territory,74050,Tiwi Islands (R),196,219,261,272,268,329,302,254,211,203,179,199,94,56,28,18,8,5,3102
7,Northern Territory,74550,Victoria Daly (R),294,351,338,235,246,300,265,179,216,198,174,185,153,76,40,38,21,17,3326
7,Northern Territory,74560,Wagait,10,21,16,16,12,12,13,28,31,48,56,40,48,36,28,10,1,1,427
7,Northern Territory,74660,West Arnhem (R),608,686,690,617,666,737,701,495,646,466,359,296,238,123,58,24,14,28,7452
7,Northern Territory,74680,West Daly (R),425,477,446,316,370,361,330,215,163,163,168,145,75,50,19,23,11,7,3764
7,Northern Territory,79399,Unincorporated NT,435,422,321,290,466,776,735,649,576,540,483,444,281,188,111,45,11,6,6779
8,Australian Capital Territory,89399,Unincorporated ACT,27238,24664,21752,23031,31065,33861,33260,28576,28468,25586,24528,22151,19012,16720,11370,8063,5535,5826,390706
9,Other Territories,99399,Unincorp. Other Territories,163,152,183,181,184,346,449,263,251,213,220,182,203,118,64,40,17,11,3240
